form,id,part,section,type,required,priority,domain,candidate_sdg_targets,question,options,grid_rows,grid_columns_or_scale,purpose,source_or_validation
feedback,CONSENT,Part 1,Welcome and consent,Multiple choice,yes,1,CONT,(admin),Do you agree to take part?,"Yes, I am 18 or older and I agree to take part | No, I do not agree",,,"Informed, voluntary, adult consent before any data is collected",POPIA consent; wording to be confirmed by PPS
feedback,PID,Part 2,Your experience today,Short answer,yes,1,CONT,(admin),Your participant ID,,,,Links this form to the anonymous in-app results without using a name or email,App participant id
feedback,UX1,Part 2,Your experience today,Paragraph,yes,1,UX,SDG 4.6 (usability of learning),"In one sentence, what is Sisi for? (Write it in your own words.)",,,,Understandability: did people grasp the purpose without being told?,
feedback,UX2,Part 2,Your experience today,Multiple-choice grid,yes,1,UX,SDG 4.6 (usability of learning),How much do you agree with each statement?,,It was always clear what to do next. | The words used were easy to understand. | The examples fit my life. | The budget task was easy to follow. | I trusted the information I saw. | Sisi feels like it was made for women like me.,Strongly disagree | Disagree | Neither agree nor disagree | Agree | Strongly agree | I did not try this,"Understandability, relevance, trust and belonging in one grid (the community and safety are covered again in the optional Trust section)",Likert; items drafted for this pilot
feedback,UX3,Part 2,Your experience today,Multiple choice,no,2,UX,SDG 4.6 (usability of learning),How was the length of the lesson?,Too short | Just right | Too long | I did not do the lesson,,,Pacing,
feedback,UX4,Part 2,Your experience today,Multiple choice,no,2,UX,SDG 4.6 (usability of learning),How much text was on each screen?,Too little | About right | Too much,,,Readability and density,
feedback,UX5,Part 2,Your experience today,Paragraph,no,1,UX,SDG 4.6 (usability of learning),"Was anything confusing? Tell us which words, screens or steps.",,,,Pinpoints specific comprehension and navigation problems,
feedback,UX6,Part 2,Your experience today,Multiple choice,no,2,UX,SDG 4.6 (usability of learning),Did you ever feel like giving up?,"No, never | Yes, a little | Yes, I nearly stopped",,,Drop-off risk,
feedback,UX7,Part 2,Your experience today,Paragraph,no,3,UX,SDG 4.6 (usability of learning),"If yes, where was that and what made you feel that way?",,,,Locates the drop-off point,
feedback,UX8,Part 2,Your experience today,Multiple-choice grid,yes,1,UX,SDG 4.6 (usability of learning),How easy was each part?,,Choosing and joining a community | The lesson | The budget task | Chatting in the community,Very difficult | Difficult | Okay | Easy | Very easy | I did not try this,Comparative ease across the four core tasks (compare with the in-app Single Ease Question),
feedback,LK1,Part 3,What you liked and did not like,Paragraph,yes,1,PREF,(product design),What did you like most? Up to three things.,,,,"Open likes, in their words",
feedback,LK2,Part 3,What you liked and did not like,Paragraph,yes,1,PREF,(product design),What did you like least or find frustrating? Up to three things.,,,,"Open dislikes, in their words",
feedback,LK3,Part 3,What you liked and did not like,Multiple choice,yes,1,PREF,(product design),Which ONE part of Sisi was most useful to you?,The lesson | The budget task | The community chat | Events | Money Buddy | Letterbox (friends) | Payslip simulator | Invest HER (simulation) | Talk to someone | Rewards | None of them,,,Forced choice: preferred feature,
feedback,LK4,Part 3,What you liked and did not like,Multiple choice,yes,1,PREF,(product design),"If we could change only ONE thing first, what should it be?",Make the lessons shorter or simpler | Make the budget tool simpler | Make the community easier to use | Add more topics | Make it faster or work better on my phone | Make rewards clearer | Make it feel more like my life | Something else,,,Forced choice: top priority to fix,
feedback,LK5,Part 3,What you liked and did not like,Paragraph,no,2,PREF,(product design),Was there something you expected to find that was not there?,,,,Unmet expectations and missing features,
feedback,LK6,Part 3,What you liked and did not like,Linear scale,yes,1,PREF,(product design),"Overall, how satisfied are you with Sisi?",,,1 Very dissatisfied … 5 Very satisfied,Overall satisfaction (CSAT),
feedback,LC1,Part 4,What you learned,Multiple-choice grid,yes,1,KNW,"SDG 4.4, 4.6","BEFORE today, how much did you agree with each statement? (Think back.)",,I feel confident making everyday money decisions. | I could build a monthly budget and stick to it. | I know how to start saving for an emergency.,1 Not at all | 2 | 3 | 4 | 5 Completely,Retrospective baseline for self-efficacy (then-test),Same three statements as the in-app check. Then/now design reduces response-shift bias
feedback,LC2,Part 4,What you learned,Multiple-choice grid,yes,1,KNW,"SDG 4.4, 4.6","NOW, after using Sisi, how much do you agree?",,I feel confident making everyday money decisions. | I could build a monthly budget and stick to it. | I know how to start saving for an emergency.,1 Not at all | 2 | 3 | 4 | 5 Completely,Self-efficacy after the session,
feedback,LC3,Part 4,What you learned,Paragraph,no,2,KNW,"SDG 4.4, 4.6",What is one thing you learned or understood better today?,,,,"Unprompted learning, in their words",
feedback,LC4,Part 4,What you learned,Checkboxes,no,2,KNW,"SDG 4.4, 4.6",Which of these ideas were new to you? (Tick all that apply),"Borrowing costs more than saving up | An emergency fund of 3 to 6 months of basic costs | Needs versus wants | Spend, save, grow (Now-Now, Stack It, Grow It) | SMART goals | Why starting early matters | None. I already knew all of these",,,Which content is genuinely new vs already known (guides what to keep),
feedback,LC5,Part 4,What you learned,Checkboxes,no,1,BEH,"SDG 8.10, 1.4","In the next 7 days, I plan to… (Tick all that apply)",Make or update a budget | Set a savings goal | Start or add to an emergency fund | Talk to someone about money | Open Sisi again | Do the lessons with a friend | Nothing yet,,,"Stated intention, checked against the day-7 follow-up",
feedback,LC6,Part 4,What you learned,Linear scale,yes,1,PREF,(product design),How likely are you to open Sisi again next week?,,,1 Not at all likely … 5 Extremely likely,Behavioural intent (retention proxy),
feedback,Z1,Part 4,What you learned,Paragraph,no,3,PREF,(product design),Anything else you would like to tell us?,,,,Catch-all,
feedback,DEM1,Part 5,About you,Multiple choice,no,1,DEM,SDG 10.2 (who benefits),How old are you?,18–20 | 21–23 | 24–26 | 27 or older | Prefer not to say,,,Equity analysis: who the pilot reached,
feedback,DEM2,Part 5,About you,Multiple choice,no,1,DEM,SDG 10.2 (who benefits),Which best describes you right now?,University or college student | Student who also works | In my first job (under 2 years) | Working for 2 years or more | Not studying or working at the moment | Something else | Prefer not to say,,,Equity analysis and sampling check (students vs first-jobbers),
feedback,DEM3,Part 5,About you,Checkboxes,no,2,DEM,SDG 10.2 (who benefits),Where does your money mostly come from? (Tick all that apply),Allowance or support from family | Bursary or NSFAS | Part-time or casual work | A salary | My own business or side hustle | Other | Prefer not to say,,,"Context for what advice and tools fit; income source only, never amounts",
feedback,DEM4,Part 5,About you,Dropdown,no,2,DEM,SDG 10.2 (who benefits),Which province do you mostly live in?,Eastern Cape | Free State | Gauteng | KwaZulu-Natal | Limpopo | Mpumalanga | Northern Cape | North West | Western Cape | I live outside South Africa | Prefer not to say,,,Geographic reach and inequality (SDG 10),
feedback,DEM5,Part 5,About you,Multiple choice,no,2,DEM,SDG 10.2 (who benefits),What kind of area do you mostly live in?,City | Town | Township or the outskirts of a city | Rural area | Prefer not to say,,,Urban-rural reach,
feedback,DEM6,Part 5,About you,Multiple choice,no,2,ACC,"SDG 5.b, 10.2, 4.5",How do you usually get online?,"My own smartphone | A smartphone I share with someone | A computer or laptop | Mostly at campus, work or a library | Other",,,Digital access: phone ownership and shared access (SDG 5.b),
feedback,BEH1,Part 5,Your money today,Multiple choice,no,1,BEH,"SDG 8.10, 1.4",Do you have your own account with a bank or a mobile-money service?,"Yes, a bank account | Yes, mobile money only | Yes, both | No | Prefer not to say",,,Baseline for formal financial inclusion (account ownership),Concept follows Global Findex account ownership; wording is ours
feedback,BEH2,Part 5,Your money today,Multiple choice,no,1,BEH,"SDG 8.10, 1.4","In the past 3 months, did you put any money aside as savings, even a small amount?","Yes, regularly | Yes, sometimes | No | Prefer not to say",,,Baseline saving behaviour,
feedback,BEH3,Part 5,Your money today,Multiple choice,no,2,BEH,"SDG 8.10, 1.4",Which best describes how you plan your money?,I keep a written or app budget | I plan it in my head | I do not really plan it | Prefer not to say,,,Baseline budgeting behaviour (the Sisi budget task targets this),
feedback,BEH4,Part 5,Your money today,Multiple choice,no,2,BEH,"SDG 8.10, 1.4",Imagine an unexpected expense as big as a month of your usual spending. How possible is it that you could find that money within 30 days?,Very possible | Somewhat possible | Not very possible | Not at all possible | Prefer not to say,,,Baseline financial resilience,Concept follows Global Findex emergency-funds item; wording is ours
feedback,UX9,Part 6,What you prefer,Multiple-choice grid,no,2,UX,SDG 4.6 (usability of learning),"If you tried the extras, how easy were they?",,Payslip simulator | Money Buddy | Letterbox (friends) | Invest HER (simulation) | Talk to someone | Support page and Quick exit | Rewards,Very difficult | Difficult | Okay | Easy | Very easy | I did not try this,Ease of the optional features,
feedback,PF1,Part 6,What you prefer,Multiple-choice grid,no,1,PREF,(product design),How do you like to learn about money?,,Short text cards (like Sisi's lessons) | Short videos | Voice notes or audio | Live sessions with a facilitator | Quizzes and games | Worked examples with real rand amounts | Chatting with a person | Learning with friends,Love it | Like it | Not for me,Preferred vs not preferred learning formats,
feedback,PF2,Part 6,What you prefer,Multiple-choice grid,no,1,PREF,(product design),Sisi's tone felt…,,Patronising (1) to Respectful (5) | Complicated (1) to Simple (5) | Boring (1) to Engaging (5) | Judgemental (1) to Supportive (5),1 | 2 | 3 | 4 | 5,"Brand voice check ('a smart older sister'): respectful, simple, engaging, supportive",
feedback,PF3,Part 6,What you prefer,Multiple choice,no,1,PREF,(product design),"How do you feel about points, badges and levels?",They motivate me | I do not mind them | They put me off | I would switch them off,,,"Gamification preference (evidence rule: optional, with Focus mode)",
feedback,PF4,Part 6,What you prefer,Multiple choice,no,1,PREF,(product design),How do you feel about leaderboards and friendly competition?,"Motivating | Fine, if it is optional | Uncomfortable | I would avoid it",,,Competition preference (must stay optional),
feedback,PF5,Part 6,What you prefer,Multiple choice,no,1,PREF,(product design),"If you earned a reward, which would you prefer?",Cash (for example R100) | An airtime or data voucher | Investment credit worth 10% more (for example R110) | An entry into a prize draw | No reward. I would use Sisi anyway,,,Reward design: cash vs data vs investment credit vs draw,Matches the app's reward options
feedback,PF6,Part 6,What you prefer,Multiple choice,no,2,PREF,(product design),Would rewards change how often you use Sisi?,"Yes, a lot | A little | No | Not sure",,,Motivation effect of rewards,
feedback,PF7,Part 6,What you prefer,Multiple choice,no,2,PREF,(product design),How would you most like to learn with others?,On my own | With one friend (a Money Buddy) | In a small group (a Circle) | In a bigger community | It depends,,,"Social learning preference (Money Buddy, Circles, community)",
feedback,PF8,Part 6,What you prefer,Dropdown,no,1,ACC,"SDG 5.b, 10.2, 4.5",In which language would you most like to learn about money?,English | isiZulu | isiXhosa | Afrikaans | Sesotho | Setswana | Sepedi | Xitsonga | siSwati | Tshivenda | isiNdebele | Another language,,,"Language inclusion and localisation priority (SDG 4.5, 10.2)",
feedback,PF9,Part 6,What you prefer,Checkboxes,no,3,PREF,(product design),How would you like Sisi to remind you? (Tick all that apply),In the app | WhatsApp | SMS | Email | I do not want reminders,,,Reminder channel preference,
feedback,TR1,Part 7,"Trust, privacy and safety",Multiple-choice grid,no,1,TRUST,"SDG 5, 16.10 (safe, trusted)",How much do you agree with each statement?,,I understood that Sisi teaches about money but does not give personal financial advice. | I would be comfortable entering my real numbers in the budget tool. | I am comfortable that the amounts I enter stay private to me. | I felt safe taking part in the community. | I would know where to find help if something felt unsafe.,Strongly disagree | Disagree | Neither agree nor disagree | Agree | Strongly agree | I did not try this,"Understanding of 'education, not advice', privacy comfort and safety in one grid",
feedback,TR2,Part 7,"Trust, privacy and safety",Checkboxes,no,1,TRUST,"SDG 5, 16.10 (safe, trusted)",Did anything make you uncomfortable? (Tick all that apply),"No, nothing | Yes, something in the community chat | Yes, something in a lesson | Yes, something about privacy or my data | Yes, something else",,,Safety and harm signals,
feedback,TR3,Part 7,"Trust, privacy and safety",Paragraph,no,2,TRUST,"SDG 5, 16.10 (safe, trusted)","If yes, tell us more. Please do not include names or personal details.",,,,Detail on harm or discomfort,
feedback,AC1,Part 8,Access and inclusion,Multiple choice,no,1,ACC,"SDG 5.b, 10.2, 4.5",How often do data costs or a weak connection stop you from using apps like Sisi?,Never | Sometimes | Often | Almost always,,,Connectivity and cost barrier (SDG 10.2),
feedback,AC2,Part 8,Access and inclusion,Checkboxes,no,2,ACC,"SDG 5.b, 10.2, 4.5","Was anything hard to see, read or tap? (Tick all that apply)",No problems | Text was hard to read | Buttons were hard to tap | Colours were hard to see | A screen reader or assistive tool did not work | Something else,,,Accessibility barriers,
feedback,AC3,Part 8,Access and inclusion,Paragraph,no,2,ACC,"SDG 5.b, 10.2, 4.5",Who do you think Sisi would work best for? Who might it not work for?,,,,"Who is left out, in their words",
feedback,BEH5,Part 9,Your money confidence and what you need,Multiple-choice grid,no,2,BEH,"SDG 8.10, 1.4",How much do you agree with each statement about you today?,,"Before I buy something, I carefully consider whether I can afford it. | I set long-term financial goals and strive to achieve them. | I keep a close watch on my own money.",Strongly disagree | Disagree | Neither agree nor disagree | Agree | Strongly agree,Financial behaviour and attitude items (OECD/INFE-style),Adapted from the OECD/INFE financial literacy toolkit's behaviour and attitude items; confirm wording against the current toolkit
feedback,AG1,Part 9,Your money confidence and what you need,Multiple-choice grid,no,2,AGY,SDG 5.a,How much do you agree with each statement about you today?,,I have a say in big decisions about my money. | I feel able to say no to a request for money that I cannot afford. | I feel I can learn what I need to manage my money. | I know where to find trustworthy money information.,Strongly disagree | Disagree | Neither agree nor disagree | Agree | Strongly agree | Prefer not to say,"Women's financial agency (draft scale, not yet validated)",Draft items for this pilot. Check the item wording against a validated women's economic empowerment measure before publishing results
feedback,IM1,Part 9,Your money confidence and what you need,Checkboxes,no,1,IMP,"SDG 8, 4.4, 1.4",Learning about money like this could help me to… (Tick all that apply),Feel less stressed about money | Make and keep a budget | Start saving | Avoid or get out of debt | Start investing | Talk about money with my family | Ask for fair pay or fees | Start or grow a business or side hustle | Plan for study or my career | None of these,,,Perceived benefit by outcome area (maps to SDG outcomes),
feedback,IM2,Part 9,Your money confidence and what you need,Checkboxes,no,1,IMP,"SDG 8, 4.4, 1.4",Which money situations do you most need help with right now? (Pick up to three),Making my allowance or bursary last | Understanding my first payslip | Store cards and debt | Supporting family | Saving for my studies | Starting a business | Starting to invest | Spotting scams and fraud | Something else | None of these,,,Needs assessment: what to build next,
feedback,IM3,Part 9,Your money confidence and what you need,Multiple choice,no,2,PREF,(product design),Would you recommend Sisi to a friend?,Yes | Maybe | No,,,Advocacy and reach (ripple effect),
day7,PID,Part 1,One week later,Short answer,yes,1,CONT,(admin),Your participant ID,,,,Join to the session data,
day7,W1,Part 1,One week later,Multiple choice,yes,1,BEH,"SDG 8.10, 1.4","Since the session, how many times have you opened Sisi?",Not at all | Once | 2 to 3 times | 4 or more times,,,Return use,
day7,W2,Part 1,One week later,Checkboxes,yes,1,BEH,"SDG 8.10, 1.4","Since the session, have you… (Tick all that apply)",Made or updated a budget | Set a savings goal | Put money aside that I would not have saved otherwise | Started or added to an emergency fund | Talked about money with someone | Done a Sisi lesson with a friend | None of these,,,Behaviour change versus the stated intentions (LC5),
day7,W3,Part 1,One week later,Multiple choice,yes,1,BEH,"SDG 8.10, 1.4","In the past 7 days, did you put any money aside as savings, even a small amount?",Yes | No | Prefer not to say,,,Savings behaviour (compare with BEH2),
day7,W4,Part 1,One week later,Multiple choice,yes,1,BEH,"SDG 8.10, 1.4",Which best describes how you planned your money this week?,I kept a written or app budget | I planned it in my head | I did not really plan it | Prefer not to say,,,Budgeting behaviour (compare with BEH3),
day7,W5,Part 1,One week later,Multiple-choice grid,yes,1,KNW,"SDG 4.4, 4.6",How much do you agree with each statement NOW?,,I feel confident making everyday money decisions. | I could build a monthly budget and stick to it. | I know how to start saving for an emergency.,1 Not at all | 2 | 3 | 4 | 5 Completely,Self-efficacy at day 7 (compare with LC1 and LC2),
day7,W6,Part 1,One week later,Paragraph,no,2,KNW,"SDG 4.4, 4.6","Have you used anything you learned in a real money decision? Tell us what, without amounts or names.",,,,Transfer to real decisions,
day7,W7,Part 1,One week later,Checkboxes,no,1,UX,SDG 4.6 (usability of learning),"If you did not use Sisi again, what got in the way? (Tick all that apply)",I forgot | I did not have time | Data costs or connection | I did not find it useful | I did not feel safe or comfortable | Technical problems | I did use it again | Something else,,,Barriers to return,
day7,W8,Part 1,One week later,Multiple choice,no,2,PREF,(product design),Have you told anyone else about Sisi?,"Yes, one person | Yes, more than one person | No",,,Word of mouth (ripple effect),
day7,W9,Part 1,One week later,Paragraph,no,1,IMP,"SDG 8, 4.4, 1.4","What, if anything, has changed for you since the session?",,,,Self-reported change in their words,
contact,C1,Part 1,Stay in touch,Short answer,yes,2,CONT,(admin),Your first name or nickname,,,,Contact,
contact,C2,Part 1,Stay in touch,Short answer,yes,1,CONT,(admin),Your email address or WhatsApp number,,,,Contact channel,
contact,C3,Part 1,Stay in touch,Checkboxes,yes,1,CONT,(admin),What may we contact you about? (Tick all that apply),The 4-week follow-up | The pilot prize draw | Future Sisi testing,,,Purpose limitation,
contact,C4,Part 1,Stay in touch,Multiple choice,yes,1,CONT,(admin),"Do you agree that we store your contact details only for the reasons you ticked, and delete them when the pilot ends?","Yes, I agree | No",,,POPIA purpose and retention,
